Direct,CBM,Direct|CBM
ASV3125,ASV3720,ASV93
ASV3341,ASV2973,ASV1561
ASV2984,ASV2079,ASV20
ASV2825,ASV3417,ASV367
ASV2920,ASV2580,ASV2579
ASV3519,ASV2646,ASV1403
ASV3660,ASV1668,ASV796
ASV2541,ASV3566,ASV675
ASV2944,ASV1651,ASV450
ASV3035,ASV2848,ASV1326
ASV3692,ASV3387,ASV17
ASV2315,ASV3074,ASV2568
ASV3191,ASV3388,ASV1661
ASV3443,ASV3307,ASV350
ASV3592,ASV3483,ASV1811
ASV2621,ASV3398,ASV694
ASV3509,ASV3481,ASV1299
ASV3135,ASV2630,ASV1831
ASV2678,ASV2866,ASV554
ASV2749,ASV2774,ASV659
ASV2625,ASV3478,ASV193
ASV3440,ASV3550,ASV518
ASV3469,ASV3155,ASV42
ASV3129,ASV3153,ASV621
ASV3179,ASV3236,ASV2366
ASV3128,ASV2114,ASV1318
ASV3600,ASV3477,ASV176
ASV3345,ASV1200,ASV205
ASV3049,ASV3020,ASV815
ASV3510,ASV2176,ASV945
ASV3640,ASV2747,ASV693
ASV3444,ASV2599,ASV435
ASV3613,ASV2056,
ASV3361,ASV2132,
ASV3599,ASV2222,
ASV3524,ASV1986,
ASV3506,ASV2310,
ASV3647,ASV2483,
ASV3363,ASV3176,
ASV1791,ASV1042,
ASV3319,ASV1813,
ASV2061,ASV1982,
ASV3349,ASV2960,
ASV3539,ASV3694,
ASV3358,ASV1435,
ASV3512,ASV2698,
ASV3673,ASV2365,
ASV2946,ASV3019,
ASV2420,ASV2905,
ASV2940,ASV3484,
ASV3357,ASV3637,
ASV3677,ASV2262,
ASV3218,ASV3169,
ASV1513,ASV3571,
ASV3515,ASV3164,
ASV2480,ASV3549,
ASV3657,ASV3386,
ASV2682,ASV1522,
ASV1328,ASV3088,
ASV3360,ASV3705,
ASV3514,ASV3695,
ASV3333,ASV3079,
ASV2543,ASV2704,
ASV2987,ASV2303,
ASV3045,ASV3228,
ASV3318,ASV3147,
ASV3649,ASV1330,
ASV3268,ASV2070,
ASV2844,ASV1555,
ASV2831,ASV1926,
ASV3027,ASV3383,
ASV3190,ASV1880,
ASV3181,ASV2062,
ASV3321,ASV312,
ASV2180,ASV526,
ASV2910,ASV2955,
ASV3688,ASV2048,
ASV3618,ASV334,
ASV2684,ASV2408,
ASV3348,ASV1488,
ASV2475,ASV2495,
ASV2760,ASV3699,
ASV3615,ASV3072,
ASV3678,ASV1076,
ASV2583,ASV2551,
ASV3527,ASV3308,
ASV3656,ASV2634,
ASV3046,ASV2550,
ASV3342,ASV1080,
ASV2298,ASV1736,
ASV3284,ASV1860,
ASV3320,ASV1091,
ASV2929,ASV2217,
ASV2824,ASV2664,
ASV2227,ASV1529,
ASV3771,ASV2092,
ASV2834,ASV832,
ASV2932,ASV2118,
ASV3445,ASV2603,
ASV2659,ASV139,
ASV2751,ASV2417,
ASV3671,ASV3728,
ASV3516,ASV3722,
ASV2373,ASV3225,
ASV3195,ASV3018,
ASV3517,ASV2236,
ASV3670,ASV3707,
ASV3338,ASV3630,
ASV2316,ASV1194,
ASV3353,ASV3306,
ASV3186,ASV1124,
ASV3120,ASV3578,
ASV3659,ASV354,
ASV3313,ASV2552,
ASV2685,ASV511,
ASV2370,ASV3013,
ASV3199,ASV1799,
ASV3753,ASV311,
ASV3126,ASV2813,
ASV3779,ASV2089,
ASV3041,ASV2154,
ASV2424,ASV595,
ASV2914,ASV1158,
ASV2988,ASV2342,
ASV3658,ASV2403,
ASV3745,ASV3382,
ASV3441,ASV3411,
ASV2369,ASV2712,
ASV3270,ASV1599,
ASV2544,ASV214,
ASV3375,ASV332,
ASV2268,ASV451,
ASV3655,ASV2320,
ASV2998,ASV2713,
ASV3030,ASV2078,
ASV3693,ASV1014,
ASV2676,ASV1761,
ASV3055,ASV3021,
ASV1697,ASV3397,
ASV3681,ASV304,
ASV3185,ASV3170,
ASV2613,ASV1103,
ASV3648,ASV3558,
ASV2470,ASV1845,
ASV1327,ASV1928,
ASV3326,ASV476,
ASV2469,ASV2484,
ASV3507,ASV3090,
ASV3204,ASV3639,
ASV1760,ASV970,
ASV3653,ASV1109,
ASV2314,ASV946,
ASV2099,ASV1861,
ASV3596,ASV3385,
ASV3210,ASV1938,
ASV3213,ASV588,
ASV1990,ASV1409,
ASV2100,ASV2329,
ASV3206,ASV3082,
ASV2542,ASV2949,
ASV3183,ASV1909,
ASV2936,ASV2733,
ASV3644,ASV1619,
ASV3547,ASV468,
ASV3356,ASV875,
ASV3362,ASV3004,
ASV1712,ASV376,
ASV1917,ASV1951,
ASV3749,ASV1700,
ASV3211,ASV2343,
ASV2934,ASV1082,
ASV3667,ASV1840,
ASV3127,ASV1656,
ASV1956,ASV2012,
ASV2479,ASV2213,
ASV2101,ASV2819,
ASV3200,ASV1584,
ASV3279,ASV1631,
ASV3654,ASV2279,
ASV3598,ASV1618,
ASV2839,ASV2445,
ASV3066,ASV420,
ASV2829,ASV2439,
ASV3538,ASV2812,
ASV3352,ASV1664,
ASV3508,ASV2978,
ASV1337,ASV2386,
ASV3680,ASV1899,
ASV2924,ASV1757,
ASV3314,ASV2432,
ASV3212,ASV2040,
ASV3209,ASV2221,
ASV2835,ASV3023,
ASV2933,ASV1485,
ASV3359,ASV3579,
ASV2619,ASV1855,
ASV3762,ASV1264,
ASV3215,ASV2396,
ASV2833,ASV284,
ASV1769,ASV1152,
ASV3652,ASV1303,
ASV2168,ASV805,
ASV3260,ASV1130,
ASV2931,ASV2877,
ASV3032,ASV3084,
ASV3056,ASV709,
ASV3756,ASV2906,
ASV2423,ASV2402,
ASV3221,ASV641,
ASV3611,ASV2440,
ASV3606,ASV2146,
ASV3043,ASV1660,
ASV1244,ASV2561,
ASV3522,ASV769,
ASV2845,ASV1144,
ASV1842,ASV1800,
ASV3505,ASV2169,
ASV2879,ASV3583,
ASV3449,ASV1827,
ASV2837,ASV3724,
ASV3262,ASV426,
ASV2758,ASV1607,
ASV2925,ASV1188,
ASV3044,ASV1864,
ASV3518,ASV2431,
ASV3511,ASV732,
ASV2798,ASV785,
ASV2986,ASV831,
ASV2547,ASV3556,
ASV3369,ASV2081,
ASV3202,ASV2817,
ASV3042,ASV2013,
ASV2349,ASV2301,
ASV3433,ASV2200,
ASV3746,ASV3565,
ASV3589,ASV1050,
ASV2759,ASV729,
ASV3591,ASV2183,
ASV3184,ASV3729,
ASV2838,ASV3561,
ASV3676,ASV1332,
ASV3335,ASV1976,
ASV3273,ASV2401,
ASV3447,ASV2867,
ASV3645,ASV2864,
ASV2616,ASV3400,
ASV3343,ASV1421,
ASV3459,ASV1065,
ASV3643,ASV987,
ASV3513,ASV2151,
ASV3590,ASV3116,
ASV3330,ASV2496,
ASV2943,ASV1000,
ASV3208,ASV1999,
ASV3334,ASV2748,
ASV3742,ASV2068,
ASV2614,ASV2951,
ASV2766,ASV1911,
ASV3033,ASV1378,
ASV2878,ASV2694,
ASV3026,ASV2004,
ASV2922,ASV2367,
ASV2545,ASV3554,
ASV3496,ASV3718,
ASV3272,ASV2598,
ASV3025,ASV2245,
ASV2888,ASV3730,
ASV2627,ASV138,
ASV2822,ASV1539,
ASV2537,ASV2028,
ASV2228,ASV2696,
ASV3379,ASV2660,
ASV3222,ASV2979,
ASV3464,ASV1355,
ASV3646,ASV1456,
ASV3205,ASV1687,
ASV2549,ASV673,
ASV3354,ASV2743,
ASV2611,ASV1049,
ASV3690,ASV3719,
ASV2317,ASV3585,
ASV3339,ASV3389,
ASV2623,ASV362,
ASV2907,ASV1347,
ASV3588,ASV2564,
ASV2846,ASV1688,
ASV2138,ASV1933,
ASV2915,ASV894,
ASV3743,ASV2554,
ASV2679,ASV3075,
ASV2677,ASV3701,
ASV3747,ASV2604,
ASV2832,ASV1739,
ASV2886,ASV2505,
ASV2691,ASV1794,
ASV3466,ASV3105,
ASV3758,ASV2323,
ASV3000,ASV2607,
ASV3048,ASV1377,
ASV2179,ASV1292,
ASV3687,ASV1912,
ASV3454,ASV2515,
ASV3609,ASV3238,
ASV3775,ASV3710,
ASV3531,ASV1967,
ASV3601,ASV2049,
ASV2210,ASV3294,
ASV3607,ASV1160,
ASV3526,ASV2409,
ASV3068,ASV2965,
ASV2928,ASV3252,
ASV3376,ASV124,
ASV3047,ASV2595,
ASV2476,ASV1706,
ASV3594,ASV2123,
ASV3537,ASV992,
ASV2209,ASV1558,
ASV2757,ASV2573,
ASV3331,ASV3703,
ASV3628,ASV1821,
ASV3540,ASV2362,
ASV2908,ASV1524,
ASV3263,ASV3162,
ASV2755,ASV3582,
ASV3499,ASV1446,
ASV3365,ASV1705,
ASV2165,ASV2308,
ASV3194,ASV994,
ASV3437,ASV1696,
ASV2353,ASV2072,
ASV3604,ASV2276,
ASV3336,ASV2504,
ASV3188,ASV2958,
ASV3497,ASV1054,
ASV2060,ASV1961,
ASV3536,ASV2468,
ASV1744,ASV2597,
ASV3744,ASV3709,
ASV3368,ASV3302,
ASV3605,ASV204,
ASV3133,ASV1852,
ASV3614,ASV3727,
ASV2582,ASV1721,
ASV3650,ASV2332,
ASV3002,ASV2390,
ASV3498,ASV1612,
ASV2452,ASV2957,
ASV2692,ASV3241,
ASV3371,ASV2661,
ASV2624,ASV2810,
ASV3738,ASV2901,
ASV3316,ASV3488,
ASV2472,ASV1835,
ASV3642,ASV1686,
ASV3610,ASV2459,
ASV3529,ASV2235,
ASV3325,ASV2498,
ASV3267,ASV2011,
ASV2045,ASV765,
ASV2887,ASV1301,
ASV2728,ASV1498,
ASV2686,ASV1629,
ASV2941,ASV2381,
ASV2942,ASV2186,
ASV2683,ASV2668,
ASV2139,ASV1455,
ASV3612,ASV1764,
ASV2765,ASV2669,
ASV2926,ASV3634,
ASV1989,ASV3095,
ASV3271,ASV2361,
ASV3430,ASV1567,
ASV2629,ASV1583,
ASV3193,ASV1784,
ASV2680,ASV2876,
ASV3324,ASV2962,
ASV3337,ASV2980,
ASV2913,ASV3296,
ASV3214,ASV1588,
ASV3374,ASV1847,
ASV2717,ASV1993,
ASV2918,ASV2035,
ASV2539,ASV2143,
ASV2140,ASV2399,
ASV2528,ASV2254,
ASV2405,ASV2734,
ASV2527,ASV1476,
ASV3740,ASV2494,
ASV3058,ASV1083,
ASV1229,ASV1204,
ASV3029,ASV1357,
ASV3063,ASV1875,
ASV3136,ASV1838,
ASV2672,ASV2090,
ASV1662,ASV1240,
ASV2347,ASV3237,
ASV3201,ASV232,
ASV3773,ASV3580,
ASV3462,ASV1690,
ASV3544,ASV3712,
ASV3685,ASV931,
ASV1282,ASV1216,
ASV1915,ASV2130,
ASV3364,ASV2466,
ASV2267,ASV3078,
ASV3207,ASV866,
ASV2348,ASV879,
ASV3037,ASV1965,
ASV3192,ASV285,
ASV2406,ASV733,
ASV2587,ASV1329,
ASV3776,ASV1554,
ASV2656,ASV1698,
ASV3686,ASV1826,
ASV2882,ASV2036,
ASV2983,ASV2376,
ASV3759,ASV2534,
ASV3051,ASV535,
ASV2354,ASV706,
ASV3057,ASV1628,
ASV2826,ASV2075,
ASV3616,ASV3310,
ASV3038,ASV2126,
ASV3431,ASV2433,
ASV3460,ASV2804,
ASV3626,ASV2024,
ASV3521,ASV1293,
ASV2893,ASV1932,
ASV3450,ASV811,
ASV3054,ASV3408,
ASV3668,ASV1181,
ASV2732,ASV3014,
ASV3117,ASV1466,
ASV2351,ASV1616,
ASV3541,ASV3721,
ASV3662,ASV1954,
ASV3065,ASV2337,
ASV3500,ASV1362,
ASV2141,ASV1211,
ASV3664,ASV2051,
ASV3542,ASV3148,
ASV2767,ASV2644,
ASV3329,ASV209,
ASV3180,ASV576,
ASV2885,ASV1019,
ASV2319,ASV1085,
ASV2917,ASV1493,
ASV1201,ASV1514,
ASV3067,ASV2065,
ASV2477,ASV2184,
ASV3523,ASV2324,
ASV3070,ASV2898,
ASV3739,ASV179,
ASV3050,ASV873,
ASV3737,ASV999,
ASV3463,ASV1596,
ASV2840,ASV2000,
ASV1809,ASV1238,
ASV2456,ASV1333,
ASV3034,ASV1386,
ASV3684,ASV883,
ASV2548,ASV1528,
ASV3217,ASV1304,
ASV2225,ASV2705,
ASV3661,ASV1786,
ASV2674,ASV2375,
ASV2753,ASV2121,
ASV1843,ASV1432,
ASV2689,ASV2009,
ASV3448,ASV2745,
ASV1902,ASV1360,
ASV3691,ASV1097,
ASV3332,ASV1669,
ASV3438,ASV2334,
ASV3608,ASV2576,
ASV2792,ASV1182,
ASV1871,ASV988,
ASV1634,ASV2247,
ASV2521,ASV2328,
ASV2482,ASV1268,
ASV2454,ASV1927,
ASV1273,ASV724,
ASV2756,ASV1021,
ASV2681,ASV1439,
ASV3123,ASV1763,
ASV3224,ASV855,
ASV1734,ASV412,
ASV1010,ASV488,
ASV2985,ASV642,
ASV1681,ASV3581,
ASV3315,ASV1576,
ASV3197,ASV2103,
ASV2842,ASV181,
ASV2211,ASV1260,
ASV1745,ASV1417,
ASV2827,ASV1495,
ASV3446,ASV2144,
ASV1512,ASV2322,
ASV2938,ASV2331,
ASV2266,ASV65,
ASV3134,ASV167,
ASV1399,ASV519,
ASV1808,ASV949,
ASV2626,ASV1887,
ASV2675,ASV2555,
ASV958,ASV1134,
ASV3535,ASV2636,
ASV2142,ASV1272,
ASV3373,ASV477,
ASV3024,ASV1987,
ASV2617,ASV1621,
ASV2939,ASV2097,
ASV3144,ASV548,
ASV3317,ASV2780,
ASV3457,ASV2784,
ASV2248,ASV3403,
ASV2919,ASV536,
ASV3216,ASV1501,
ASV2715,ASV2159,
ASV2896,ASV2195,
ASV2526,ASV439,
ASV2628,ASV2395,
ASV2687,ASV2855,
ASV2481,ASV744,
ASV3121,ASV1389,
ASV1948,ASV2862,
ASV3367,ASV3111,
ASV2207,ASV3239,
ASV1901,ASV508,
ASV3755,ASV1400,
ASV3741,ASV2635,
ASV3178,ASV982,
ASV3196,ASV682,
ASV2419,ASV432,
ASV3380,ASV3486,
ASV2610,ASV402,
ASV3495,ASV1242,
ASV3182,ASV1494,
ASV3372,ASV318,
ASV2622,ASV996,
ASV3666,ASV1012,
ASV3595,ASV1195,
ASV3264,ASV1249,
ASV2982,ASV1353,
ASV3534,ASV1424,
ASV3187,ASV1492,
ASV2226,ASV75,
ASV2729,ASV291,
ASV3764,ASV1156,
ASV1220,ASV2231,
ASV1914,ASV1108,
ASV3663,ASV1198,
ASV2525,ASV2414,
ASV2762,ASV1088,
ASV3672,ASV3251,
ASV3344,ASV1635,
ASV1916,ASV3160,
ASV2673,ASV2125,
ASV3203,ASV1393,
ASV2841,ASV419,
ASV3061,ASV483,
ASV3350,ASV3636,
ASV2269,ASV2174,
ASV2764,ASV2788,
ASV2881,ASV852,
ASV1682,ASV1020,
ASV2724,ASV1523,
ASV3675,ASV2963,
ASV1313,ASV1441,
ASV2471,ASV2974,
ASV2768,ASV723,
ASV3140,ASV1140,
ASV3587,ASV1416,
ASV3665,ASV1837,
ASV2473,ASV1878,
ASV2300,ASV99,
ASV3355,ASV963,
ASV3062,ASV1277,
ASV2422,ASV1430,
ASV2371,ASV101,
ASV3071,ASV1141,
ASV3439,ASV1376,
ASV1570,ASV1538,
ASV3520,ASV2197,
ASV3533,ASV2499,
ASV2224,ASV2638,
ASV3501,ASV3161,
ASV3621,ASV911,
ASV2754,ASV2954,
ASV2880,ASV3584,
ASV3322,ASV1396,
ASV3036,ASV1907,
ASV2716,ASV3010,
ASV2836,ASV2852,
ASV2991,ASV279,
ASV2206,ASV349,
ASV3323,ASV1708,
ASV2923,ASV1709,
ASV1947,ASV1975,
ASV3502,ASV2008,
ASV2690,ASV2016,
ASV2761,ASV2021,
ASV1869,ASV2175,
ASV2588,ASV2601,
ASV3039,ASV335,
ASV3259,ASV2346,
ASV2801,ASV3731,
ASV2892,ASV173,
ASV2523,ASV942,
ASV3467,ASV1385,
ASV3766,ASV1865,
ASV2086,ASV2096,
ASV2897,ASV2290,
ASV3366,ASV2871,
ASV2136,ASV2818,
ASV2990,ASV3165,
ASV3288,ASV3573,
ASV3370,ASV481,
ASV3132,ASV977,
ASV2538,ASV2578,
ASV2137,ASV515,
ASV3530,ASV1307,
ASV2657,ASV1691,
ASV2671,ASV773,
ASV2945,ASV877,
ASV3346,ASV269,
ASV3603,ASV1574,
ASV3546,ASV2418,
ASV3532,ASV3732,
ASV2720,ASV1741,
ASV3545,ASV1490,
ASV2997,ASV219,
ASV2167,ASV277,
ASV2719,ASV619,
ASV2995,ASV630,
ASV2474,ASV1775,
ASV2843,ASV465,
ASV3455,ASV1005,
ASV1234,ASV1095,
ASV2884,ASV1300,
ASV3619,ASV1531,
ASV3351,ASV1702,
ASV1988,ASV1851,
ASV2249,ASV2034,
ASV2453,ASV3012,
ASV3028,ASV739,
ASV2793,ASV1306,
ASV2763,ASV3172,
ASV3763,ASV1707,
ASV2722,ASV1680,
ASV2450,ASV1168,
ASV1587,ASV98,
ASV3754,ASV153,
ASV2769,ASV1254,
ASV3597,ASV1470,
ASV3131,ASV1905,
ASV3752,ASV2666,
ASV3525,ASV3638,
ASV3767,ASV929,
ASV1235,ASV1765,
ASV1131,ASV2777,
ASV3770,ASV915,
ASV3453,ASV909,
ASV3282,ASV1214,
ASV3378,ASV1649,
ASV2718,ASV2053,
ASV2909,ASV2218,
ASV3751,ASV2296,
ASV3280,ASV2970,
ASV2407,ASV1465,
ASV3001,ASV2088,
ASV3289,ASV3574,
ASV3137,ASV3297,
ASV3069,ASV1516,
ASV3622,ASV458,
ASV3040,ASV1672,
ASV2046,ASV839,
ASV3277,ASV2533,
ASV776,ASV3381,
ASV2455,ASV1952,
ASV2618,ASV2188,
ASV3682,ASV606,
ASV2265,ASV1040,
ASV2921,ASV448,
ASV2989,ASV1184,
ASV3219,ASV1719,
ASV3772,ASV3246,
ASV3679,ASV487,
ASV3602,ASV537,
ASV3442,ASV938,
ASV3504,ASV1090,
ASV2655,ASV1145,
ASV2725,ASV1219,
ASV1245,ASV1275,
ASV3778,ASV1319,
ASV3669,ASV1475,
ASV3124,ASV2196,
ASV2994,ASV2292,
ASV1423,ASV2487,
ASV1919,ASV2490,
ASV3031,ASV2529,
ASV2937,ASV2058,
ASV2688,ASV2171,
ASV2546,ASV1551,
ASV3283,ASV2007,
ASV2449,ASV2701,
ASV2653,ASV2853,
ASV3627,ASV3575,
ASV3052,ASV3299,
ASV923,ASV2966,
ASV3617,ASV3103,
ASV2087,ASV521,
ASV3060,ASV2199,
ASV2797,ASV425,
ASV2799,ASV3099,
ASV3118,ASV15,
ASV2752,ASV1585,
ASV3748,ASV2281,
ASV3265,ASV2858,
ASV2912,ASV182,
ASV3286,ASV1017,
ASV3261,ASV801,
ASV3689,ASV1173,
ASV798,ASV1174,
ASV2830,ASV1257,
ASV3138,ASV1284,
ASV2522,ASV1489,
ASV3130,ASV474,
ASV3750,ASV475,
ASV3629,ASV810,
ASV2586,ASV1830,
ASV1078,ASV1997,
ASV3436,ASV3407,
ASV3290,ASV3493,
ASV3139,ASV3562,
ASV2581,ASV3717,
ASV2421,ASV2783,
ASV1115,ASV3110,
ASV2916,ASV1123,
ASV1623,ASV1638,
ASV3620,ASV1950,
ASV3059,ASV1720,
ASV2726,ASV1751,
ASV3435,ASV1783,
ASV1790,ASV1817,
ASV3472,ASV1820,
ASV2584,ASV1848,
ASV3624,ASV2258,
ASV2205,ASV123,
ASV3458,ASV280,
ASV1305,ASV293,
ASV2006,ASV333,
ASV1031,ASV345,
ASV3434,ASV388,
ASV2794,ASV407,
ASV3053,ASV553,
ASV3625,ASV669,
ASV2890,ASV708,
ASV3757,ASV953,
ASV2540,ASV1352,
ASV2615,ASV1461,
ASV2299,ASV1636,
ASV3528,ASV1716,
ASV3452,ASV1758,
ASV3623,ASV2093,
ASV2795,ASV3698,
ASV3683,ASV224,
ASV3760,ASV888,
ASV3328,ASV1459,
ASV2102,ASV1474,
ASV2047,ASV2740,
ASV2883,ASV2321,
ASV2318,ASV2558,
ASV3274,ASV3399,
ASV3281,ASV1849,
ASV2372,ASV2309,
ASV2891,ASV3632,
ASV1868,ASV1602,
ASV2297,ASV3156,
ASV2992,ASV1143,
ASV2122,ASV3708,
ASV3278,ASV2252,
ASV3465,ASV885,
ASV3064,ASV916,
ASV1314,ASV194,
ASV1467,ASV2398,
ASV3503,ASV1877,
ASV3198,ASV3080,
ASV3285,ASV3235,
ASV1870,ASV1936,
ASV2796,ASV2714,
ASV3765,ASV569,
ASV3593,ASV742,
ASV2935,ASV756,
ASV1844,ASV803,
ASV2350,ASV1443,
ASV2889,ASV1138,
ASV2374,ASV1654,
ASV1991,ASV746,
ASV3641,ASV1814,
ASV2828,ASV3494,
ASV3220,ASV1481,
ASV2927,ASV1500,
ASV3141,ASV2856,
ASV3146,ASV957,
ASV1171,ASV3094,
ASV1617,ASV2517,
ASV2723,ASV2641,
ASV3287,ASV1030,
ASV3142,ASV3311,
ASV1290,ASV1857,
ASV2005,ASV2488,
ASV1274,ASV1288,
ASV3774,ASV1572,
ASV3340,ASV1480,
ASV1992,ASV1593,
ASV3761,ASV1627,
ASV3432,ASV1796,
ASV2478,ASV1859,
ASV3377,ASV2270,
ASV3769,ASV2865,
ASV3119,ASV92,
ASV3145,ASV344,
ASV717,ASV549,
ASV3470,ASV573,
ASV2894,ASV586,
ASV2996,ASV617,
ASV2800,ASV1063,
ASV3471,ASV1527,
ASV1252,ASV1863,
ASV2930,ASV1996,
ASV2654,ASV2050,
ASV2620,ASV2253,
ASV2895,ASV2700,
ASV2721,ASV1155,
ASV2166,ASV1267,
ASV3292,ASV1658,
ASV3451,ASV2358,
ASV3291,ASV2387,
ASV882,ASV1422,
ASV2352,ASV1701,
ASV2791,ASV679,
ASV1957,ASV2512,
ASV1369,ASV2868,
ASV1106,ASV3250,
ASV1263,ASV2389,
,ASV3476,
,ASV390,
,ASV3404,
,ASV2246,
,ASV227,
,ASV1742,
,ASV990,
,ASV370,
,ASV1543,
,ASV1695,
,ASV1978,
,ASV3171,
,ASV392,
,ASV1102,
,ASV2027,
,ASV2875,
,ASV715,
,ASV2152,
,ASV3394,
,ASV1448,
,ASV633,
,ASV1043,
,ASV1372,
,ASV1637,
,ASV1854,
,ASV3083,
,ASV76,
,ASV242,
,ASV272,
,ASV316,
,ASV321,
,ASV324,
,ASV374,
,ASV590,
,ASV653,
,ASV812,
,ASV818,
,ASV2111,
,ASV2485,
,ASV2667,
,ASV3427,
,ASV295,
,ASV1170,
,ASV3409,
,ASV1471,
,ASV1678,
,ASV2273,
,ASV2650,
,ASV3577,
,ASV3255,
,ASV2874,
,ASV1449,
,ASV527,
,ASV1344,
,ASV1898,
,ASV3254,
,ASV3414,
,ASV469,
,ASV485,
,ASV1504,
,ASV3405,
,ASV2566,
,ASV2786,
,ASV1856,
,ASV2591,
,ASV3157,
,ASV3413,
,ASV543,
,ASV2283,
,ASV1411,
,ASV984,
,ASV2336,
,ASV1339,
,ASV1788,
,ASV1935,
,ASV1117,
,ASV2264,
,ASV1100,
,ASV1418,
,ASV1442,
,ASV1018,
,ASV1205,
,ASV2805,
,ASV3231,
,ASV795,
,ASV1885,
,ASV792,
,ASV1890,
,ASV594,
,ASV656,
,ASV704,
,ASV1822,
,ASV2185,
,ASV2514,
,ASV57,
,ASV758,
,ASV951,
,ASV1112,
,ASV2083,
,ASV265,
,ASV2304,
,ASV1114,
,ASV2131,
,ASV2413,
,ASV1191,
,ASV1497,
,ASV1925,
,ASV2148,
,ASV1215,
,ASV2873,
,ASV1486,
,ASV109,
,ASV2869,
,ASV627,
,ASV556,
,ASV3395,
,ASV580,
,ASV25,
,ASV1733,
,ASV328,
,ASV763,
,ASV1371,
,ASV2441,
,ASV2861,
,ASV2902,
,ASV3572,
,ASV2693,
,ASV900,
,ASV1568,
,ASV268,
,ASV1311,
,ASV1278,
,ASV2404,
,ASV3003,
,ASV589,
,ASV657,
,ASV446,
,ASV2460,
,ASV540,
,ASV632,
,ASV926,
,ASV1892,
,ASV876,
,ASV2155,
,ASV1044,
,ASV1119,
,ASV1373,
,ASV1431,
,ASV2344,
,ASV668,
,ASV2502,
,ASV2425,
,ASV3100,
,ASV3257,
,ASV1004,
,ASV1477,
,ASV1665,
,ASV1772,
,ASV2054,
,ASV620,
,ASV2632,
,ASV261,
,ASV2015,
,ASV908,
,ASV1057,
,ASV1862,
,ASV2953,
,ASV155,
,ASV201,
,ASV409,
,ASV655,
,ASV681,
,ASV1104,
,ASV1121,
,ASV1203,
,ASV1535,
,ASV892,
,ASV2335,
,ASV66,
,ASV962,
,ASV2042,
,ASV202,
,ASV364,
,ASV504,
,ASV2119,
,ASV2516,
,ASV2665,
,ASV3106,
,ASV325,
,ASV2263,
,ASV149,
,ASV643,
,ASV1806,
,ASV1981,
,ASV2244,
,ASV2443,
,ASV2574,
,ASV684,
,ASV1336,
,ASV1768,
,ASV1985,
,ASV1335,
,ASV2158,
,ASV1615,
,ASV1804,
,ASV1879,
,ASV2074,
,ASV3697,
,ASV1711,
,ASV1172,
,ASV2461,
,ASV1632,
,ASV1560,
,ASV1625,
,ASV2274,
,ASV2510,
,ASV1942,
